{"Version":1,"ManifestType":"Publish","Endpoints":[{"Route":"css/site.css","AssetFile":"css/site.css","Selectors":[],"ResponseHeaders":[{"Name":"Cache-Control","Value":"no-cache"},{"Name":"Content-Length","Value":"11140"},{"Name":"Content-Type","Value":"text/css"},{"Name":"ETag","Value":"\"Qnvh0No0OVYZkgvRl2Y3ee5WzyMKwvAMHmUYyBuVmpQ=\""},{"Name":"Last-Modified","Value":"Tue, 25 Nov 2025 10:03:28 GMT"}],"EndpointProperties":[{"Name":"integrity","Value":"sha256-Qnvh0No0OVYZkgvRl2Y3ee5WzyMKwvAMHmUYyBuVmpQ="}]},{"Route":"css/site.mb2ijjo0y2.css","AssetFile":"css/site.css","Selectors":[],"ResponseHeaders":[{"Name":"Cache-Control","Value":"max-age=31536000, immutable"},{"Name":"Content-Length","Value":"11140"},{"Name":"Content-Type","Value":"text/css"},{"Name":"ETag","Value":"\"Qnvh0No0OVYZkgvRl2Y3ee5WzyMKwvAMHmUYyBuVmpQ=\""},{"Name":"Last-Modified","Value":"Tue, 25 Nov 2025 10:03:28 GMT"}],"EndpointProperties":[{"Name":"fingerprint","Value":"mb2ijjo0y2"},{"Name":"integrity","Value":"sha256-Qnvh0No0OVYZkgvRl2Y3ee5WzyMKwvAMHmUYyBuVmpQ="},{"Name":"label","Value":"css/site.css"}]},{"Route":"js/chat.js","AssetFile":"js/chat.js","Selectors":[],"ResponseHeaders":[{"Name":"Cache-Control","Value":"no-cache"},{"Name":"Content-Length","Value":"4432"},{"Name":"Content-Type","Value":"text/javascript"},{"Name":"ETag","Value":"\"JYAUgAw9oONl/3AWTNU0cl1P5lbQfpDUfOzBAB85/nE=\""},{"Name":"Last-Modified","Value":"Tue, 25 Nov 2025 10:03:54 GMT"}],"EndpointProperties":[{"Name":"integrity","Value":"sha256-JYAUgAw9oONl/3AWTNU0cl1P5lbQfpDUfOzBAB85/nE="}]},{"Route":"js/chat.pvbsp3bgaj.js","AssetFile":"js/chat.js","Selectors":[],"ResponseHeaders":[{"Name":"Cache-Control","Value":"max-age=31536000, immutable"},{"Name":"Content-Length","Value":"4432"},{"Name":"Content-Type","Value":"text/javascript"},{"Name":"ETag","Value":"\"JYAUgAw9oONl/3AWTNU0cl1P5lbQfpDUfOzBAB85/nE=\""},{"Name":"Last-Modified","Value":"Tue, 25 Nov 2025 10:03:54 GMT"}],"EndpointProperties":[{"Name":"fingerprint","Value":"pvbsp3bgaj"},{"Name":"integrity","Value":"sha256-JYAUgAw9oONl/3AWTNU0cl1P5lbQfpDUfOzBAB85/nE="},{"Name":"label","Value":"js/chat.js"}]}]}